presupuesto,metodo,exposicion,proteccion,sobreexp_noe,llamadas
0.05,FIS (propuesta),0.0591466999853006,0.573500588004704,0.21937321937321938,0.9413494046744083
0.05,max (sistema actual),0.05198074378950463,0.546452371618973,0.20726495726495728,0.20233720417462883
0.05,media ponderada,0.056280317506982216,0.5883967071736574,0.25854700854700857,0.22394531824195207
0.05,supervisado (logistica),0.05525135969425254,0.6056448451587613,0.25071225071225073,0.21982948699103336
0.075,FIS (propuesta),0.08303322063795385,0.7538220305762446,0.32834757834757833,0.5323386741143613
0.075,max (sistema actual),0.08013008966632368,0.7283418267346139,0.35113960113960113,0.314934587681905
0.075,media ponderada,0.07505879758929884,0.7099176793414347,0.32407407407407407,0.2990592385712186
0.075,supervisado (logistica),0.06732323974717036,0.6793414347314779,0.32407407407407407,0.2681170072027047
0.1,FIS (propuesta),0.08303322063795385,0.7538220305762446,0.32834757834757833,0.5323386741143613
0.1,max (sistema actual),0.08013008966632368,0.7283418267346139,0.35113960113960113,0.314934587681905
0.1,media ponderada,0.07505879758929884,0.7099176793414347,0.32407407407407407,0.2990592385712186
0.1,supervisado (logistica),0.06732323974717036,0.6793414347314779,0.32407407407407407,0.2681170072027047
0.15,FIS (propuesta),0.1369800088196384,0.7267738141905136,0.30982905982905984,0.25444656769072466
0.15,max (sistema actual),0.08013008966632368,0.7283418267346139,0.35113960113960113,0.314934587681905
0.15,media ponderada,0.07505879758929884,0.7099176793414347,0.32407407407407407,0.2990592385712186
0.15,supervisado (logistica),0.06732323974717036,0.6793414347314779,0.32407407407407407,0.2681170072027047
0.2,FIS (propuesta),0.1750330736439806,0.7691101528812231,0.33048433048433046,0.8501396442745848
0.2,max (sistema actual),0.08013008966632368,0.7283418267346139,0.35113960113960113,0.314934587681905
0.2,media ponderada,0.07505879758929884,0.7099176793414347,0.32407407407407407,0.2990592385712186
0.2,supervisado (logistica),0.06732323974717036,0.6793414347314779,0.32407407407407407,0.2681170072027047
0.25,FIS (propuesta),0.1750330736439806,0.7691101528812231,0.33048433048433046,0.8501396442745848
0.25,max (sistema actual),0.08013008966632368,0.7283418267346139,0.35113960113960113,0.314934587681905
0.25,media ponderada,0.07505879758929884,0.7099176793414347,0.32407407407407407,0.2990592385712186
0.25,supervisado (logistica),0.06732323974717036,0.6793414347314779,0.32407407407407407,0.2681170072027047
