termino,peso
ababol,0.5
acompanante masculino,0.5
acostarse,0.5
adiccion al sexo,0.5
adiccion sexual,0.5
adicciones sexuales,0.5
adicto,0.5
adulador,0.5
adultera,0.5
agente,0.5
agitador,0.5
aguachirle,0.5
alcahueta,0.5
alcahuete,0.5
alcornoque,0.5
alfenique,0.5
almeja,0.5
altaneria,0.5
altivez,0.5
altivo,0.5
amante,0.5
amateurismo,0.5
amiga,0.5
amor propio,0.5
amour propre,0.5
animal,0.5
arpia,0.5
arrastrante,0.5
arrogancia,0.5
arrogante,0.5
artero,0.5
astucia,0.5
astuta,0.5
astuto,0.5
atontada,0.5
atontadas,0.5
atontado,0.5
atontados,0.5
atontar,0.5
atormentador,0.5
atornillar,0.5
atosigador,0.5
atracador,0.5
badulaque,0.5
bagatela,0.5
banda,0.5
bandidaje,0.5
bandido,0.5
bandidos,0.5
bandolerismo,0.5
bandolero,0.5
bandoleros,0.5
baratija,0.5
barbara,0.5
barbaridad,0.5
barbarie,0.5
barbaro,0.5
barbaros,0.5
barragana,0.5
bastardo,0.5
basura,0.5
bellaco,0.5
bellyacher,0.5
bendito,0.5
bestia,0.5
betise,0.5
bicho,0.5
bisono,0.5
blabbermouth,0.5
blanco,0.5
blandengue,0.5
blunderer,0.5
bobadas,0.5
bobalicon,0.5
bobo,0.5
bobochorra,0.5
bocazas,0.5
bola,0.5
bolsa,0.5
boludo,0.5
bomba,0.5
borra,0.5
botcher,0.5
bregante,0.5
bribon,0.5
bromista,0.5
bruja,0.5
brutal,0.5
bufon,0.5
bumbler,0.5
buncombe,0.5
burlarse,0.5
burro,0.5
buscona,0.5
caballero de industria,0.5
cabron,0.5
cachar,0.5
cachorro,0.5
cafiche,0.5
cafisho,0.5
callejera,0.5
calzonazos,0.5
cambiantes,0.5
canalla,0.5
candidez,0.5
capomafia,0.5
capullo,0.5
carajo,0.5
cardar,0.5
casquete,0.5
cepillarse,0.5
cerdo,0.5
cerebro,0.5
changeling,0.5
chapero,0.5
chapucero,0.5
charlatan,0.5
charlatana,0.5
charlataneria,0.5
charlatanismo,0.5
chatarra,0.5
chatarreria,0.5
chatarrero,0.5
chawbacon,0.5
chica,0.5
chichi,0.5
chicos de alquiler,0.5
chinga,0.5
chiseller,0.5
chismero,0.5
chismoso,0.5
chivato,0.5
chocha,0.5
chochete,0.5
chocho,0.5
choro,0.5
chorradas,0.5
chucha,0.5
chulo,0.5
chump,0.5
chusma,0.5
cipote,0.5
clavo,0.5
cobarde,0.5
cobardia,0.5
cocho,0.5
codswallop,0.5
coger,0.5
coima,0.5
comare,0.5
conceitedness,0.5
concha,0.5
concubina,0.5
conejo,0.5
conformista,0.5
cono,0.5
conocer,0.5
conque,0.5
contemplador,0.5
contemporizador,0.5
contra revolucion,0.5
contra-revolucion,0.5
contrarrevolucion,0.5
copular,0.5
correveidile,0.5
corruptible,0.5
cosa nostra,0.5
cotilla,0.5
credulidad,0.5
cretina,0.5
cretino,0.5
criminal,0.5
cuca,0.5
cuentero,0.5
cuentista,0.5
cuento,0.5
culear,0.5
culo,0.5
curioso,0.5
cut-up,0.5
dastardliness,0.5
debil,0.5
debilucha,0.5
debilucho,0.5
defector,0.5
defraudador,0.5
defraudar,0.5
delincuente,0.5
demagoga,0.5
demagogas,0.5
demagogia,0.5
demagogica,0.5
demagogico,0.5
demagogo,0.5
demagogos,0.5
desatinado,0.5
descarada,0.5
descaro,0.5
desecho,0.5
desertor,0.5
desgraciado,0.5
deshecho,0.5
desorden,0.5
despreciable,0.5
desproposito,0.5
desvergonzada,0.5
detallista,0.5
detective,0.5
diablo,0.5
diablura,0.5
discriminacion,0.5
disparate,0.5
dogmatismo,0.5
doofus,0.5
dormir,0.5
dumbass,0.5
dweeb,0.5
echarse una mano,0.5
egoismo,0.5
egoista,0.5
egotismo,0.5
embaucador,0.5
embaucar,0.5
embuste,0.5
embustero,0.5
empollon,0.5
enano,0.5
enclenque,0.5
enganar,0.5
engreimiento,0.5
enigma,0.5
enredador,0.5
entrometido,0.5
escoria,0.5
escritor,0.5
espectador,0.5
estafador,0.5
estafadora,0.5
estafar,0.5
estudiosa,0.5
estupidez,0.5
estupido,0.5
exigente,0.5
expectador,0.5
explotacion sexual,0.5
extrema derecha,0.5
extremista irracional,0.5
fabricante,0.5
fabulista,0.5
fachismo,0.5
fachista,0.5
facho,0.5
facismo,0.5
falsedad,0.5
fanatica,0.5
fanatico,0.5
fanatismo,0.5
fanatismos,0.5
fanfarron,0.5
fanfarronada,0.5
fantasma,0.5
fascismo,0.5
fascismos,0.5
fascista,0.5
fascistas,0.5
fasismo,0.5
fawner,0.5
finagler,0.5
fisgon,0.5
fisgonear,0.5
flojo,0.5
flouter,0.5
folderol,0.5
follar,0.5
follarse,0.5
forajido,0.5
fornicadora,0.5
fornicar,0.5
friki,0.5
fuera de la ley,0.5
fulana,0.5
fumbler,0.5
furcia,0.5
gallina,0.5
gamberro,0.5
gandul,0.5
gang,0.5
gangsterismo,0.5
garchar,0.5
gato,0.5
gente,0.5
gentuza,0.5
gigolo,0.5
gili,0.5
gilipollas,0.5
gilipolleces,0.5
gilipollez,0.5
git,0.5
golfa,0.5
golfante,0.5
golfo,0.5
gorila,0.5
granuja,0.5
grifter,0.5
grosero,0.5
groveler,0.5
guardia,0.5
guarra,0.5
guff,0.5
hacer el amor,0.5
hammerhead,0.5
hampa,0.5
haragan,0.5
hauteur,0.5
hellcat,0.5
hetaira,0.5
hibris,0.5
hipersexual,0.5
hipersexualidad,0.5
historia,0.5
hogwash,0.5
hojarasca,0.5
holgazan,0.5
hubris,0.5
huevo,0.5
hybris,0.5
idiocia,0.5
idiota,0.5
idiotas,0.5
idiotez,0.5
imbecil,0.5
imbecilidad,0.5
impertinencia,0.5
impudencia,0.5
incapaz,0.5
incompetente,0.5
indicador,0.5
indigente,0.5
inepto,0.5
infundio,0.5
insensatez,0.5
intolerancia,0.5
intolerante,0.5
jactancia,0.5
jactancioso,0.5
jalar,0.5
jeerer,0.5
jerigonza,0.5
jinetera,0.5
joder,0.5
jodienda,0.5
johan elias feliz perez,0.5
john,0.5
juan lanas,0.5
know-it-all,0.5
ladron,0.5
ladronzuelo,0.5
lagarta,0.5
lagarto,0.5
lagarton,0.5
lagartona,0.5
las maras,0.5
lelo,0.5
lerda,0.5
liante,0.5
lila,0.5
line-shooter,0.5
los maras,0.5
lowlife,0.5
macana,0.5
maestra,0.5
mafia,0.5
mafiosi,0.5
mafioso,0.5
mafiosos,0.5
majaderia,0.5
majadero,0.5
majareta,0.5
malandrin,0.5
maldito,0.5
malhechor,0.5
malhechora,0.5
mandria,0.5
manta,0.5
mara,0.5
marginada,0.5
marginado,0.5
masa,0.5
masas,0.5
mastuerzo,0.5
masturbacion,0.5
masturbandose,0.5
matado,0.5
mateo,0.5
maton,0.5
matrero,0.5
media pinta,0.5
melon,0.5
memo,0.5
menso,0.5
mentecato,0.5
mentir,0.5
mentira,0.5
mentiras,0.5
mentirijilla,0.5
mentirilla,0.5
mentiroso,0.5
mequetrefe,0.5
meretriz,0.5
mesalina,0.5
miedosa,0.5
miedoso,0.5
mierda,0.5
misero,0.5
mistificador,0.5
mofarse,0.5
montanero,0.5
morralla,0.5
moza,0.5
muchacha,0.5
muchedumbre,0.5
mujer de la calle,0.5
mujer desalinada,0.5
mujer facil,0.5
mujer mantenida,0.5
mujer publica,0.5
mujercita,0.5
mujerzuela,0.5
multar,0.5
multitud,0.5
muneca,0.5
murmurador,0.5
mussiness,0.5
muttonhead,0.5
napias,0.5
necio,0.5
nefle,0.5
negado,0.5
nerd,0.5
nerdo,0.5
nerds,0.5
ninfomana,0.5
ninfomania,0.5
ninfomaniaca,0.5
ninfomaniaco,0.5
nino cambiado,0.5
nono,0.5
nookie,0.5
nooky,0.5
norio,0.5
novato,0.5
nympho,0.5
ocioso,0.5
oficial,0.5
orgullo,0.5
orgulloso,0.5
osicon,0.5
ostentacion,0.5
paco,0.5
paja,0.5
pajaro,0.5
pajas,0.5
pajearse,0.5
pajero,0.5
paleto,0.5
paloma,0.5
palurdo,0.5
pandar,0.5
pandilla,0.5
pandillas,0.5
pandillero,0.5
panocha,0.5
panoli,0.5
papanatas,0.5
pasmarote,0.5
patan,0.5
patata,0.5
patoso,0.5
patrullero,0.5
patsy,0.5
pavitonto,0.5
pecador,0.5
pecadora,0.5
pedante,0.5
pedanteria,0.5
pelandusca,0.5
pelanduscas,0.5
pelele,0.5
pelicula,0.5
pelotudo,0.5
pendejo,0.5
pendon,0.5
pendona,0.5
perezoso,0.5
perra,0.5
perro,0.5
perseguidor,0.5
persona desalinada,0.5
petardista,0.5
picara,0.5
picardia,0.5
picaro,0.5
picha,0.5
pichar,0.5
pichi,0.5
pichula,0.5
pico,0.5
pija,0.5
pilila,0.5
pillock,0.5
pinga,0.5
pipe,0.5
pirula,0.5
pirulo,0.5
pito,0.5
plebe,0.5
policia,0.5
policial,0.5
policias,0.5
polla,0.5
polvo,0.5
pomposidad,0.5
ponzona,0.5
populacho,0.5
poste,0.5
prepotencia,0.5
presionante,0.5
prestamista,0.5
prestamistas,0.5
prestamo de dinero,0.5
prestamos de dinero,0.5
presuncion,0.5
presuntuosa,0.5
presuntuosidad,0.5
presuntuoso,0.5
pretension,0.5
primo,0.5
problema,0.5
proscripcion,0.5
proscrito,0.5
prostitucion,0.5
prostituir,0.5
prostituta,0.5
prostitutas,0.5
prostituto,0.5
proteston,0.5
proxeneta,0.5
proxenetas,0.5
proxenetico,0.5
proxenetismo,0.5
pueblo,0.5
pulidor de manzana,0.5
punetero,0.5
punta,0.5
pusilanime,0.5
pusilanimidad,0.5
puta,0.5
putas,0.5
putilla,0.5
puto,0.5
que cono haces?,0.5
quejica,0.5
querida,0.5
ragtag,0.5
raja,0.5
rajado,0.5
ramera,0.5
ratero,0.5
raton de biblioteca,0.5
reaccionaria,0.5
reaccionario,0.5
reaccionarios,0.5
reaccionarismo,0.5
reata,0.5
rechazar,0.5
renegado,0.5
repipi,0.5
reprobo,0.5
residuo metalico,0.5
retardar,0.5
retrasada,0.5
retrasado,0.5
rezongante,0.5
rigorista,0.5
rodar en el heno,0.5
romano,0.5
rookie,0.5
rudo,0.5
ruin,0.5
sabe-lo-todo,0.5
sabelotodo,0.5
sabidillo,0.5
sabihondo,0.5
sacrificio,0.5
saltabancos,0.5
salteador de caminos,0.5
saltimbanqui,0.5
salvaje,0.5
satiariasis,0.5
satiriasis,0.5
schoolma'am,0.5
scrawler,0.5
secuaces,0.5
segundo evaluador,0.5
servicios sexuales,0.5
sexoservidora,0.5
sexuales comerciales,0.5
shtup,0.5
shylock,0.5
simple,0.5
simplon,0.5
sinverguenza,0.5
slackers,0.5
sloven,0.5
sneak thief,0.5
snob,0.5
soberbia,0.5
soberbio,0.5
soplon,0.5
sosaina,0.5
soso,0.5
splashiness,0.5
suficiencia,0.5
superbia,0.5
swaggerer,0.5
tacto suave,0.5
taimada,0.5
taimado,0.5
taleteller,0.5
tapagujeros,0.5
tarada,0.5
tarado,0.5
taxi boy,0.5
tener sexo,0.5
tia,0.5
timador,0.5
timar,0.5
tirar,0.5
tirarse,0.5
tombo,0.5
tomfool,0.5
tonta,0.5
tontas,0.5
tonteria,0.5
tonterias,0.5
tonto,0.5
tontolaba,0.5
tontopolla,0.5
tontorron,0.5
tontorrona,0.5
tontos,0.5
torpe,0.5
torturador,0.5
tosco,0.5
trabajadoras sexuales,0.5
traficante,0.5
tragapollas,0.5
tranca,0.5
transgresor,0.5
tratante,0.5
travesura,0.5
travesuras,0.5
traviesa,0.5
travieso,0.5
tricker,0.5
trola,0.5
trolero,0.5
tropezador,0.5
truckler,0.5
truhan,0.5
tunante,0.5
turba,0.5
turca,0.5
twirp,0.5
ultraconservadora,0.5
un rapido,0.5
usura,0.5
usurario,0.5
usurera,0.5
usurero,0.5
usureros,0.5
vaca,0.5
vagabunda,0.5
vagabundo,0.5
vagina,0.5
vaginal,0.5
vago,0.5
vanagloria,0.5
vanidad,0.5
variopinto y globitos,0.5
vaunter,0.5
venal,0.5
venalidad,0.5
verga,0.5
vergar,0.5
victimizar,0.5
viento,0.5
vil,0.5
villana,0.5
villano,0.5
vulgo,0.5
wangler,0.5
wanker,0.5
weisenheimer,0.5
wheeler dealer,0.5
whiner,0.5
wise guy,0.5
wisenheimer,0.5
wuss,0.5
zopenco,0.5
zoquete,0.5
zorra,0.5
zorro,0.5
